,id,full_id,title,author,score,# comments,created_utc
0,5fw1x5,t3_5fw1x5,"CMV: Using ""CE/BCE"" (Common Era/Before the Common Era) instead of ""AD/BC"" for secularistic reasons makes few sense",malta3,41,74,1480590939
1,5fwa8j,t3_5fwa8j,CMV: Ideology should no longer be important. Any new laws or changes in policy of any kind should be evidence based.,CrazybutSolid,136,44,1480594932
2,5fwbsd,t3_5fwbsd,ELI5: Why is it illegal for a citizen to shoot someone fleeing from their home even during an event as extreme as home invasion/ robbery but its acceptable for a police officer to shoot someone in the back as long as they say they were scared.,First15,1,2,1480595683
3,5fwcae,t3_5fwcae,CMV: Anti-Gunners do not believe their life is worth preserving,stephenfryismybae,0,53,1480595907
4,5fwhjy,t3_5fwhjy,CMV: Switching to renewable energy sources will not solve the overall problem of sustainable human life on Earth. Changing consumption habits is necessary for sustainability.,saladmonday,38,16,1480598049
5,5fwoko,t3_5fwoko,CMV: The Earth is round.,[deleted],1,0,1480600750
6,5fwsis,t3_5fwsis,CMV: A world without religion wouldn't be the utopia John Lennon imagined,skyepilotgurl,20,37,1480602117
7,5fx234,t3_5fx234,CMV:reddit is NOT a bastion of free speech,drglass,135,190,1480605239
8,5fxipe,t3_5fxipe,CMW: topics of male domestic violence are almost always brought up to derail issues of violence against women,Roseykittens,1,0,1480610093
9,5fxo72,t3_5fxo72,CMV: China and Russia are 21st century empires.,EconomistMagazine,22,22,1480611660
10,5fy0k5,t3_5fy0k5,CMV: Emotional abuse during physiological hormonal cycles is on the same moral level as sexual cheating during periods of a lack of physical intimacy.,TezzMuffins,2,68,1480614995
11,5fy0ut,t3_5fy0ut,"CMV: MDMA (ecstasy), LSD, Psilocybin, Ayahuasca/DMT should not be schedule I drugs, they should be re-scheduled and further researched",anythingnoniding,812,139,1480615082
12,5fy7mk,t3_5fy7mk,Why do states have two party consent recording laws?,Husker_Red,1,0,1480616905
13,5fyaw1,t3_5fyaw1,"CMV: Eliminating between 80 to 90% of the global population is the only effective solution to climate change, resource depletion and uncontrollable migration problem.",evil_white_dude,0,84,1480617778
14,5fyfcb,t3_5fyfcb,CMV: Genderfluidity is caused by sociocultural influence and is not innate.,therussiansteve,95,84,1480619014
15,5fyk2n,t3_5fyk2n,The minimum wage causes unemployment,n8n3k,1,0,1480620295
16,5fymil,t3_5fymil,"CMV: American Troops are not heros, they are zeros",Chewyman11,0,10,1480620963
17,5fymkb,t3_5fymkb,CMV: Cursive should be banned,Eggodoggo,0,15,1480620975
18,5fyn96,t3_5fyn96,CMV: I believe that people who have never tried drugs are missing on one of the most amazing things life can offer.,I_Love_HotshotGG,23,35,1480621174
19,5fynin,t3_5fynin,"CMV: Having a ""duty"" is no different to being forced into doing something.",SnowdenP,4,15,1480621237
20,5fyt2q,t3_5fyt2q,CMV: Your college GPA determines your life success,[deleted],1,0,1480622752
21,5fyty9,t3_5fyty9,CMV: There is not a single savory meal that cannot be improved by onions.,[deleted],1,0,1480622992
22,5fywb7,t3_5fywb7,CMV: There is not a single savory meal that cannot be improved by onions.,CountryCaravan,23,28,1480623669
23,5fyxgt,t3_5fyxgt,CMV: Homeopathic medicine should never be considered as treatment over allopathic therapy,ClassyChameleon,4,16,1480623988
24,5fyz78,t3_5fyz78,CMV: Your school and GPA determines your life success,[deleted],1,0,1480624468
25,5fz55p,t3_5fz55p,CMV: Everybody has anxiety at some level. Too many people exaggerate the severity and use it as an excuse to not do things.,[deleted],3,5,1480626157
26,5fzc0q,t3_5fzc0q,CMV: All Lobbyist Interaction with Elected Representatives Should be Recorded and Part of the Public Record,clavalle,21,17,1480628065
27,5fzmjn,t3_5fzmjn,CMV: I am a white nationalist.,NESIRGNIK,4,477,1480631075
28,5fzufx,t3_5fzufx,CMV: There is No Point Lowering My Personal Carbon Footprint,HotterRod,4,27,1480633387
29,5fzufy,t3_5fzufy,CMV: Scallops and lobster are more sweet than savory and should be described as such.,I_Hump_Rainbowz,3,22,1480633387
30,5fzxpb,t3_5fzxpb,CMV: filing fees are usually a bunch of BS,[deleted],1,0,1480634344
31,5g0391,t3_5g0391,CMV: It is better for me to die then to be a leach to my parents and society.,[deleted],1,0,1480636098
32,5g077j,t3_5g077j,"CMV: Suicide is a fundamental human right for all people regardless of their situation, and forcing people to live is a form of slavery.",neheughk,101,165,1480639105
33,5g0hjf,t3_5g0hjf,CMV: How is gender a social construct if men and women have evolutionary differences both physical and emotional?,[deleted],1,0,1480642347
34,5g0i8q,t3_5g0i8q,CMV: I don't believe gender is a social construct.,callingallmen,5,6,1480642573
35,5g0l4v,t3_5g0l4v,Getting rid of the current money system would help the human race work together as a species.,snurdburglary,1,0,1480643523
36,5g10n6,t3_5g10n6,"CMV: The American school system is designed to filter out the lazy from the hard-workers, disguised as places where people go to learn.",blocker45,118,47,1480648752
37,5g11sz,t3_5g11sz,CMV: Democrats in the US should drop gun control from their platform.,[deleted],7,4,1480649153
38,5g1467,t3_5g1467,CMV: There was little to no valid reason to vote for Trump.,bkiddo22,26,110,1480649973
39,5g17kg,t3_5g17kg,CMV: Life is pointless because we die.,PrinceLunar72,19,83,1480651190
40,5g17uf,t3_5g17uf,CMV: Second wave feminism has harmed transgender people.,morelikearevolution,1,5,1480651277
41,5g18vz,t3_5g18vz,CMV: I do not believe there is a need for additional gun control legislation in the US.,[deleted],20,148,1480651667
42,5g1f8c,t3_5g1f8c,"CMV: Reddit's ""Karma"" point system should not be used in the comments section.",[deleted],2,5,1480653971
43,5g1jet,t3_5g1jet,CMV: Moderator posts locking threads because people aren't being nice are power trips disguised as concern.,Rshrt,0,14,1480655559
44,5g1r5h,t3_5g1r5h,"Donald Trump ran for President purely because of his ego, and will not be that different from a typical Republican President.",[deleted],1,0,1480658745
45,5g1rhv,t3_5g1rhv,"CMV: Donald Trump ran for president purely to bolster his ego, and despite his anti-establishment rhetoric, his presidency will not be much different than a typical Republican Presidency",l0__0I,544,178,1480658897
46,5g1wra,t3_5g1wra,CMV: Fantastic beasts and where to find them sucked ass,gandalf-the-gray,1,0,1480661260
47,5g23sg,t3_5g23sg,CMV: Andrew Jackson made the right choice in passing the Indian removal treaties.,the_konch,1,0,1480664755
48,5g29dq,t3_5g29dq,CMV: Andrew Jackson made the right choice in passing the Indian removal treaties.,re_member_me,4,18,1480667742
49,5g2l7n,t3_5g2l7n,The USA should unilaterally eliminate all trade barriers,dingdingdongle,1,0,1480674225
50,5g2qwb,t3_5g2qwb,CMV: Globalism is bad.,[deleted],1,0,1480677242
51,5g2xrv,t3_5g2xrv,It's Fresh Topic Friday! - 12/02/2016,AutoModerator,4,0,1480680654
52,5g31fa,t3_5g31fa,CMV: The Earth is round. I have heard of the flat-earth theory but can't comprehend it. I would love for a flat-earth theorist to try and convince me...,[deleted],1,0,1480682328
53,5g33sx,t3_5g33sx,CMV: The Earth is round.,[deleted],1,0,1480683353
54,5g3a42,t3_5g3a42,CMV: The Earth is round,Zeestars,14,202,1480685825
55,5g3iq7,t3_5g3iq7,CMV: The American Dream is NOT Dead. We've just lost track of what it means.,Lokiorin,1,2,1480688934
56,5g3jrj,t3_5g3jrj,CMV: The Secretary of Defense should be a retired General/Admiral,rambutan00,1,0,1480689314
57,5g3olf,t3_5g3olf,CMV: I don't believe there has been any meaningful surge in real hate crimes since the election. I believe that this idea exists to sell news and gain social currency.,[deleted],1,1,1480690935
58,5g3ox0,t3_5g3ox0,CMV: The United States should abolish property tax,celeritas365,110,112,1480691035
59,5g3yv1,t3_5g3yv1,CMV: It is not bigoted for me to not view trans women as women/trans men as men,[deleted],1,0,1480694116
60,5g4132,t3_5g4132,"CMV: If you feel so strongly about the state of your country that you protest, you should vote.",hobbitmagic,1,0,1480694791
61,5g42y9,t3_5g42y9,"CMV: Obama did not ""recover"" the economy.",badabinglove,14,54,1480695329
62,5g4d22,t3_5g4d22,CMV: I don't think liberal minded folks from blue states should not consider moving to red or deep red states.,[deleted],1,0,1480698253
63,5g4ehh,t3_5g4ehh,CMV: I'm not a feminist.,shotguywithflaregun,7,64,1480698659
64,5g4fmf,t3_5g4fmf,CMV: I think liberal minded people from blue states should not permanently move to red or deep red states.,tranquilitysense,0,21,1480698988
65,5g4gdz,t3_5g4gdz,CMV: I agree with the idea that people should lose there citizenship for flag burning amongst other consequences.,[deleted],1,0,1480699224
66,5g4lwi,t3_5g4lwi,CMV: I am ambivalent about the taxation of the wealthy.,DrinkyDrank,1,1,1480700743
67,5g4mr1,t3_5g4mr1,CMV: Nationalism of all sorts is destructive,[deleted],1,0,1480700985
68,5g4ozh,t3_5g4ozh,Nationalism is destructive.,[deleted],1,0,1480701633
69,5g4r7o,t3_5g4r7o,CMV: Nationalism is destructive.,[deleted],1,0,1480702257
70,5g4sgc,t3_5g4sgc,CMC: if you think PC culture is annoying you're probably an asshole,[deleted],1,0,1480702607
71,5g4ub8,t3_5g4ub8,CMV: Portable traffic lights should be required equipment by law for every construction crew whose work overlaps/involves a road in some way.,TezzMuffins,21,54,1480703125
72,5g4ugl,t3_5g4ugl,CMV: Nationalism is destructive.,orek74,550,99,1480703168
73,5g4vn9,t3_5g4vn9,"CMV: Instead of tuition, universities should charge a percent of your future earnings.",BrotherItsInTheDrum,73,82,1480703502
74,5g599q,t3_5g599q,CMV: This whole pipeline thing is blown out of proportion,Javlin,1,1,1480707380
75,5g5d58,t3_5g5d58,CMV: /r/The_Donald should be removed from Reddit and banned.,throwaway38,1,0,1480708517
76,5g5ghm,t3_5g5ghm,CMV: there is no solution to internet echo chambers.,The_Archagent,1,1,1480709490
77,5g5gvf,t3_5g5gvf,"Being allowed to abort is based on the intelligence of the fetus, why can't I kill my 3 day old which is less intelligent than a pig?",[deleted],1,0,1480709605
78,5g5j16,t3_5g5j16,CMV: Abortion is comparable to killing young infants,[deleted],1,0,1480710220
79,5g5luz,t3_5g5luz,"CMV: In a fight to the death at given conditions, a horse will kill a bobcat more than 90% of the time.",anti_zero,67,64,1480711033
80,5g5obi,t3_5g5obi,CMV: Kicking College Athletes Off Of Sports Teams And Out Of Universities Is A Poor Way of Handling Domestic Violence,Soxxfan50,3,56,1480711753
81,5g5rc0,t3_5g5rc0,CMV: Abortion is the same as killing a young infant.,[deleted],1,2,1480712665
82,5g5ssp,t3_5g5ssp,"CMV: All drugs (Weed, cocaine, heroin, etc.) should be federally legal.",shahkabra,1,2,1480713063
83,5g5wyl,t3_5g5wyl,"CMV: Religion isn't inherently good or bad, and neither is atheism, its peoples reactions to them that are",tobblerwobbler,1,1,1480714336
84,5g65bs,t3_5g65bs,"CMV: Words such as ""crazy"" or ""dumb"" should not be considered ableist slurs according to their modern usage.",[deleted],67,24,1480716815
85,5g67ws,t3_5g67ws,CMV:Transgenders have mental illness and should be treated as such,badabinglove,1,1,1480717587
86,5g6dfm,t3_5g6dfm,CMV: Almost no contact outside of dates. Is she still interested?,Welshboy90,1,0,1480719333
87,5g6lg6,t3_5g6lg6,CMV:Charity in debate is never going to be widespread,GiakLeader,1,3,1480721847
88,5g6q8t,t3_5g6q8t,CMV:Being professional is based more on how you act/how your business looks than how much money you make.,Philofreudian,14,13,1480723501
89,5g6qda,t3_5g6qda,CMV: There is no societal net positive for deporting undocumented (illegal) immigrants who were brought over as children.,thefilmer,1,1,1480723543
90,5g6tu3,t3_5g6tu3,The Donald should be banned from reaching the front page,probeey,1,0,1480724701
91,5g6vx2,t3_5g6vx2,CMV: Daniel Holtzclaw (convicted rapist) did not get a fair trial,Solo_Yoco,6,22,1480725412
92,5g6x5t,t3_5g6x5t,CMV: Reddit introducing the ability to filter /r/all just lets one more website succumb to being an echo chamber/bubble and that is a bad thing.,PM_ME_YOUR_SUNSHINE,1,0,1480725841
93,5g6ypl,t3_5g6ypl,CMV: Supporting the electoral college because nationally more populated areas would be heard over less populated areas wthout it is hypocritical and inconsistent when that exact thing happens on a state level,[deleted],1,2,1480726360
94,5g74po,t3_5g74po,"Poor grammar in an argument is an indicative of a poorly supported and superficial opinion, particularly in the conservative side CMV",[deleted],1,0,1480728498
95,5g7ftu,t3_5g7ftu,CMV: An out of state area code is not a valid sole reason to be sketched out by a Craigslist deal,JuliettPapaRomeo,13,15,1480732773
96,5g7ik8,t3_5g7ik8,CMV: I think that identity politics are harming political discourse on the left.,chbenengeli,1,0,1480733871
97,5g7oc2,t3_5g7oc2,CMV: Donald Trump's administration is appropriating the destabalisation and confusion tactics of Vladimir Putin.,Commander_Caboose,1,1,1480736174
98,5g7t86,t3_5g7t86,It takes much longer than the usual 1-3 years to get to truly know someone; therefore people should wait longer to get married.,[deleted],1,0,1480738216
99,5g84v4,t3_5g84v4,"CMV: News sources (websites, tv, papers, etc.) should have a clear ideological/political alignment rather than trying to be neutral.",ConspicuousSam,1,0,1480743273
100,5g879y,t3_5g879y,CMV: Breitbart is acting childish and everyone who supports their kellogg's boycott is too.,colgateblanco123,1,0,1480744426
101,5g8cyn,t3_5g8cyn,The logic of calling Trump supporters bigots is the same as calling Muslims terrorists,[deleted],1,0,1480747167
102,5g8nin,t3_5g8nin,CMV: Raising the minimum wage benefits minimum wage laborers,Gidanocitiahisyt,1,0,1480752982
103,5g8vhg,t3_5g8vhg,It's impossible to not care what others think about you,winjaturta,1,0,1480757875
104,5g8wi7,t3_5g8wi7,CMV: It's impossible to not care about what others think of you,winjaturta,31,18,1480758520
105,5g8ze3,t3_5g8ze3,"CMV: I do not believe that Donald Trump's departure from the ""One China"" policy by talking to Taiwan was deliberate or well thought out.",Techsanlobo,1,0,1480760302
106,5g911s,t3_5g911s,[Podcast] CMV: Change My View Ep. 003: Televangelism,mehatch,1,0,1480761310
107,5g94ep,t3_5g94ep,CMV:It is impossible to be anything other than yourself,GiakLeader,15,53,1480763392
108,5g98wa,t3_5g98wa,CMV: Muslims are not more violent than Christians.,NicolasName,10,138,1480766057
109,5g9ved,t3_5g9ved,[Podcast] Change My View Ep. 003 : Televangelism,Snorrrlax,37,3,1480776827
110,5ga3ko,t3_5ga3ko,"CMV: Anyone who does not indicate whilst driving should have their licence taken away, and they should have to pay a fine",Axionally,22,46,1480779978
111,5gacrr,t3_5gacrr,CMV: Trump's administration is using Russian-developed misinformation tactics.,Commander_Caboose,629,156,1480783227
112,5gavrz,t3_5gavrz,CMV:Transgendered people suffer from delusion and should be cared for like other mental illness.,badabinglove,5,217,1480789379
113,5gaz1d,t3_5gaz1d,"CMV: Carrying a firearm while intoxicated should be a crime, a misdemeanor from .08-.16 BAC, a felony above that. This restriction would not constitute a second amendment violation.",FireNexus,1,0,1480790395
114,5gb2ru,t3_5gb2ru,CMV: A single world government is necessary to ensure the future success of our species.,[deleted],18,46,1480791582
115,5gb5xg,t3_5gb5xg,CMV: Identity politics is harming political discourse on the left.,chbenengeli,16,30,1480792575
116,5gb8bp,t3_5gb8bp,CMV: Santa is not an areligious figure,andthenthecactussaid,2,30,1480793305
117,5gbj3u,t3_5gbj3u,"What with Trump winning the election, global warming on the rise, potential tensions between Russia and the west &amp; issues with ISIS, I'm starting to get pretty worried that something seriously bad will happen. Am I just being paranoid?",cforman249,1,0,1480796758
118,5gbm0e,t3_5gbm0e,Michael Jackson was innocent regarding the paedophile scandal would still be alive had the internet existed in 1994.,[deleted],1,0,1480797709
119,5gbmt1,t3_5gbmt1,"CMV: MOBAs like dota2 and LoL have ""toxic communities"" because they don't actually have any gameplay, and are a huge waste of time.",protozoan_addyarmor,0,13,1480797981
120,5gbnje,t3_5gbnje,CMV: I believe civilians should be able to own AR15s.,LoneWanderer27,34,122,1480798212
121,5gbnwk,t3_5gbnwk,CMV: Michael Jackson was innocent regarding the paedophile scandal would still be alive had the internet existed in 1994.,ItsMeDarkness,1,4,1480798332
122,5gbom5,t3_5gbom5,[Mod Post] Join in with the podcast planning over at /r/CMVpodcast!,Snorrrlax,7,1,1480798556
123,5gc2q1,t3_5gc2q1,CMV: Baylor should end their football program for the foreseeable future.,mindthegap92,6,9,1480803134
124,5gcby9,t3_5gcby9,CMV: Donald Trump Questioning Mexican-American Judge Curiel's Impartiality Was Not Racist,Shoofy,20,70,1480806270
125,5gcj70,t3_5gcj70,"CMV: ""I was just following orders"" is not a good defense.",Ferguson97,7,42,1480808814
126,5gcpeh,t3_5gcpeh,CMV: Life is a matrix: Miracles are possible,DogmaDog,0,22,1480810955
127,5gcuu0,t3_5gcuu0,CMV: Net Neutrality is not feasible and hurts small startups,dantheman629,5,35,1480812873
128,5gcv53,t3_5gcv53,CMV: We should be strongly criticizing bad reasoning and bad thinking on social media at the risk of offending people.,mediumfoot,1,0,1480812987
129,5gcw26,t3_5gcw26,CMV: The Sag-Aftra Video Game Voice acting strike will not be successful.,championofobscurity,3,8,1480813317
130,5gcx7y,t3_5gcx7y,CMV: Supermarket / store stockers should get paid commission for every item they put away.,TheSonOfWAY,2,18,1480813755
131,5gcz87,t3_5gcz87,CMV: Dressing up pets is animal cruelty.,[deleted],1,0,1480814490
132,5gd1rw,t3_5gd1rw,CMV: Flag Burning and Mohammed Drawing are highly analogous acts of offensive speech. Most arguments we might make about one should apply to the other.,ZigguratOfUr,297,200,1480815443
133,5gd2ij,t3_5gd2ij,CMV:I voted for trump how am I a racist,battlefieldguy145,0,99,1480815713
134,5gd8s6,t3_5gd8s6,"CMV: The more educated you are, the more your vote should count in an election",Buck_McBride,0,39,1480818149
135,5gde4m,t3_5gde4m,Separate gender and sex?,[deleted],1,0,1480820250
136,5gdfen,t3_5gdfen,"CMV: Palimony should not exist, period",SkepticalSkepticist,5,21,1480820764
137,5gdfzi,t3_5gdfzi,CMV: White nationalists' obsession for asian women is wrong,Hotfire-Coldice,0,50,1480820988
138,5gdi3t,t3_5gdi3t,CMV: Women should be given the option for menstrual leave at work.,[deleted],1,40,1480821851
139,5gdmst,t3_5gdmst,CMV: Charity is irrational,Scrooooge,3,41,1480823764
140,5gdva6,t3_5gdva6,"CMV: The human species, as we currently know it, is probably soon coming to an end.",[deleted],1,10,1480827345
141,5ge2zy,t3_5ge2zy,CMV: Christmas should be renamed to make it more universal and comfortable/safe for minorities,[deleted],1,0,1480830749
142,5ge4l1,t3_5ge4l1,CMV: Anger is a useless and destructive emotion,[deleted],1,0,1480831481
143,5ge5je,t3_5ge5je,"CMV: Any Muslim who claims that Islam is a religion of peace, and not at all violent, is delusional/ignorant, and shouldn't be taken seriously.",[deleted],11,35,1480831917
144,5ge6hm,t3_5ge6hm,"CMV: Christmas should be officially renamed to ""the holidays"" to make it more universal and appealing to minorities, and less threatening and other-ing",Slacktoo,0,23,1480832376
145,5ge6km,t3_5ge6km,CMV: Anger is a harmful and destructive emotion,[deleted],1,0,1480832414
146,5ge84x,t3_5ge84x,CMV: Anger is a harmful and mostly unnecessary emotion,[deleted],2,18,1480833183
147,5geaft,t3_5geaft,CMV: I don't see the positives of decriminalizing drugs,Miller0700,0,14,1480834407
148,5gefs2,t3_5gefs2,CMV: Homosexuality is a mental disorder.,[deleted],1,0,1480837296
149,5gehlx,t3_5gehlx,CMV: Homosexuality is a mental disorder.,[deleted],1,0,1480838342
150,5gekdb,t3_5gekdb,CMV: Using an AdBlock is morally ok and should not be scrutinized,thesquarerootof1,29,50,1480840009
151,5gf65m,t3_5gf65m,CMV:Claims like 'Tae Kwon Do doesn't work' make no sense,GiakLeader,37,88,1480853589
152,5gfmia,t3_5gfmia,"CMV: Dictionary definitions have no place in an argument, especially a political one",TheHodag,22,74,1480861527
153,5gfzs7,t3_5gfzs7,CMV: Tax cuts can increase output in the economy,dcman00000,99,93,1480866733
154,5gg7h0,t3_5gg7h0,"CMV: There are no arguments against existential nihilism - human life is purposeless, pointless and meaningless.",qqrdza,62,93,1480869327
155,5ggcdm,t3_5ggcdm,"CMV: Modern Art is not ""Real Art"" and using the argument that it's subjective is a poor argument.",polaristar,352,710,1480870884
156,5ggf93,t3_5ggf93,"CMV:Its not just racism, culture plays a big part and culture determines whether a community succeeds or not",[deleted],1,0,1480871783
157,5gglku,t3_5gglku,Women breasts are wired,[deleted],1,0,1480873770
158,5ggmd6,t3_5ggmd6,CMV: All illegal immigrants and refugees should be granted free asylum to new towns in rural Alaska/Canada/Siberia.,[deleted],3,16,1480874007
159,5ggqhb,t3_5ggqhb,"CMV: Racism is natural, and makes sense.",[deleted],0,7,1480875196
160,5ggqli,t3_5ggqli,It's amazing how much less violence there is in the world when you don't look at the news for a week.,[deleted],1,0,1480875235
161,5gh5ko,t3_5gh5ko,CMV: Penn State Deserved a Spot in the College Football Playoff Over Ohio State,cacheflow,2,46,1480879734
162,5gh68w,t3_5gh68w,CMV: I believe homosexuality is mostly caused and is not truly natural.,garnetandgravy,15,147,1480879937
163,5gh6r2,t3_5gh6r2,CMV: Respect for the nation that you live in is unproductive.,Ferretpuke,3,15,1480880075
164,5ghgpu,t3_5ghgpu,Bring Tyler Home.,Rgodoy3,1,0,1480883020
165,5ghh1d,t3_5ghh1d,CMV:All government spending is morally wrong.,Lfssmitty,1,0,1480883104
166,5ghilj,t3_5ghilj,CMV: It is a scummy business practice to end free trials early as soon as the customer withdraws recurring autopayment options,Feryll,6,20,1480883569
167,5ghj6b,t3_5ghj6b,CMV:All Government Spending is Morally Wrong,Lfssmitty,1,0,1480883727
168,5ghl7e,t3_5ghl7e,CMV:,Lfssmitty,0,2,1480884328
169,5ghtve,t3_5ghtve,CMV: All government spending is morally wrong because it is against the interests of at least one taxpayer.,Lfssmitty,0,363,1480886920
170,5ghzjl,t3_5ghzjl,CMV: I don't think gender-fluid is real.,heyimhayley,770,240,1480888594
171,5gi02r,t3_5gi02r,"CMV: As a man, it is not in my interest to get married.",PlatinumGoat75,75,112,1480888761
172,5gi6ff,t3_5gi6ff,CMV: I should leave America because of Trump,Trumprunawaythrow,1,0,1480890703
173,5gi7bl,t3_5gi7bl,CMV: I should leave America because of Trump,Trumprunawaythrow,11,202,1480890987
174,5gicer,t3_5gicer,"CMV: There needs to be a vetting process or a ""test"" before we let Muslims live in the US (or any European country). These countries should also make it very hard for single males to get in.",[deleted],1,35,1480892579
175,5gicky,t3_5gicky,CMV: Buying animal food products from conscious producers achieves the same effect as switching to a vegan diet.,njh19,1,0,1480892634
176,5gidcn,t3_5gidcn,"CMV: /r/the_donald either fundamentally misunderstands the concept of safe spaces, or are hypocritical in their demonization of them",[deleted],1,0,1480892858
177,5giee0,t3_5giee0,"CMV: Having an open relationship is almost guaranteed to end poorly, and is incredibly hard on either partner.",hockeylife17,1,0,1480893210
178,5gihfd,t3_5gihfd,"CMV: living with animals is gross, a weird solution to emotional instability, and usually selfish.",baylenmiller,1,0,1480894180
179,5gipq7,t3_5gipq7,Kapernick's protest wasn't un-American or disrespectful and we all ought to not care so damn much about his choices.,atari_bigby,1,0,1480896832
180,5giqzk,t3_5giqzk,CMV: iOS is better than Android,[deleted],1,0,1480897231
181,5gixxo,t3_5gixxo,"CMV: All drugs (heroin, marijuana, cocaine, etc.) should be federally legal in the U.S.",shahkabra,11,61,1480899492
182,5gj3s9,t3_5gj3s9,CMV:I believe people who are exceptionally good at math but struggle with social skills/humanities are less intelligent than the reverse.,travelercat,11,117,1480901433
183,5gj9fu,t3_5gj9fu,CMV: Every time The Lego Group releases a theme with a different style of Mini figure then the regular style they are just making the set worse and maybe being a little sexist.,Doctercorgi,0,13,1480903393
184,5gjbij,t3_5gjbij,CMV: African Americans have been and continue to be in a huge disadvantage in society today.,Botlane_always_feeds,3,77,1480904069
185,5gjbx4,t3_5gjbx4,"CMV: People who are offended by things that they read on the Internet are the real problem with society, not the people saying things deemed to be offensive.",[deleted],1,0,1480904209
186,5gjdz8,t3_5gjdz8,CMV: Internet in the United States doesn't need to be fixed.,[deleted],1,0,1480904921
187,5gjizs,t3_5gjizs,CMV: Reddit should display comments in a breadth based format by default.,LeVentNoir,0,10,1480906731
188,5gjs88,t3_5gjs88,CMV: There is nothing wrong with Internet Service Providers in the US,Eternal_Pickles,0,19,1480909994
189,5gk5ir,t3_5gk5ir,CMV: Trump is a dictatorial fuckwit who will darken America's legacy like how Hitler darkened Germany's.,IsshunGar,1,0,1480914960
190,5gkhar,t3_5gkhar,CMV: Both parties do essentialy the same thing: take away our rights while convincing us it's in our best interest,SlimyLittlePile,1,0,1480919856
191,5gkki5,t3_5gkki5,CMV: Misogyny is justified,[deleted],1,0,1480921311
192,5gkl38,t3_5gkl38,CMV:Ebenezer Scrooge was terrified after a rough night with so many ghosts that of course he was happy to be alive.,stormdude28,1,0,1480921540
193,5gl0ww,t3_5gl0ww,"CMV: All activism/philanthropy/charity should be efficient and should be primarily concerned with getting the most ""bang for your buck.""",whereheleads,10,4,1480929639
194,5gl0wx,t3_5gl0wx,"CMV: All activism/philanthropy/charity should be efficient and should be primarily concerned with getting the most ""bang for your buck.""",whereheleads,0,1,1480929639
195,5gl2y9,t3_5gl2y9,CMV: Convince me that there is a God,_deedogg_,1,0,1480930721
196,5gl43v,t3_5gl43v,CMV: Convince me that there is a God.,_deedogg_,0,2,1480931334
197,5gll5h,t3_5gll5h,CMV: I don't think indigenous people have any more right to their land than anyone else.,wookiefax,188,159,1480939904
198,5glpyq,t3_5glpyq,CMV: CS: GO is superior to CoD,[deleted],0,12,1480942043
199,5gltns,t3_5gltns,CMV: From a broad societal perspective there is no good reason to oppose net neutrality,VertigoOne,50,49,1480943562
200,5glutk,t3_5glutk,CMV: There are no adequate gender equal options when it comes to changing your surname in marriage,Fermain,100,180,1480944043
201,5glymb,t3_5glymb,"CMV: Maths is invented, not discovered",Maestroso_,37,102,1480945553
202,5gmc66,t3_5gmc66,CMV: Women should be socialised from childhood to approach men,GiakLeader,0,50,1480950213
203,5gmdyj,t3_5gmdyj,CMV: I am the News,oldie101,3,65,1480950765
204,5gmip9,t3_5gmip9,CMV: I hate going to sleep and have to force myself to do it every day. Please CMV about sleep being a waste of time.,LosLosrien,13,32,1480952229
205,5gmrjp,t3_5gmrjp,"CMV: You only have one right, and that is your life.",[deleted],0,11,1480954891
206,5gms6n,t3_5gms6n,"CMV: If you have the appropriate skills, there's nothing wrong with defecting from the US to flee Trump.",YeShitpostAccount,2,4,1480955081
207,5gn5ve,t3_5gn5ve,CMV: Anita Sarkeesian and similar feminists actually have a point about the portrayal of gender roles in video games.,LeftHandSwe,631,617,1480958912
208,5gn6ok,t3_5gn6ok,CMV:The size of the House of Representatives should be increased,Helicase21,161,73,1480959123
209,5gn9df,t3_5gn9df,CMV: The Blockbusting practices of the 1950s were not racist.,Dubs07,0,37,1480959832
210,5gncz9,t3_5gncz9,How do THEISTS justify this?,[deleted],1,0,1480960806
211,5gndfs,t3_5gndfs,CMV: Opening your inventory in games should not freeze time,luketheduke54,95,48,1480960919
212,5go21g,t3_5go21g,CMV: A U.S. President communicating directly with the President of Taiwan is not a bad thing.,elsuperj,29,80,1480967593
213,5go6iw,t3_5go6iw,"CMV: If non-violent individuals with mental issues cannot be forcibly institutionalized, they should be able to purchase firearms (and visa versa)",Cpt_Steam,5,73,1480968797
214,5go7g4,t3_5go7g4,"CMV: Fake news (items that are false or misleading and made to look like they come from a credible news source) should be banned and those who create them punished. It would not be unconstitutional to do so, based on the precedent set in Schenck v. United States (1919).",[deleted],18,61,1480969040
215,5goacp,t3_5goacp,CMV: Trump benefits from Obama blocking the North Dakota pipeline,[deleted],1,0,1480969838
216,5gocoy,t3_5gocoy,CMV: Trump/Republicans benefit from Obama blocking the pipeline,[deleted],1,0,1480970446
217,5gof7v,t3_5gof7v,"CMV: /r/earthporn and similar subreddits are generally filled with irrelevant content, especially the top posts",rpsdb,7,11,1480971172
218,5gogdl,t3_5gogdl,CMV: the country's leading intellects should come together and screen our prison inmates based on an agreed set of criteria to see who should be put to death so as to alleviate our prison system and economy as a whole.,jimlas2016,0,13,1480971493
219,5goo0m,t3_5goo0m,CMV: Digital Immortality is Impossible,tomlets,5,18,1480973565
220,5gotc5,t3_5gotc5,CMV: I think the Scandinavian model of society is superior to the US,usscan,8,16,1480975045
221,5gots7,t3_5gots7,"CMV: People who post here don't want there viewpoints changed, they just want their opnion heard.",isianat,1,0,1480975164
222,5gp6eb,t3_5gp6eb,CMV: Trans People should not be allowed in restrooms that do not correspond to their birth gender.,[deleted],1,0,1480978760
223,5gpw2l,t3_5gpw2l,CMV: Liberals perpetuate more fake news than conservatives but they use half truths and lies by omission rather than just straight up lies,toastedmale,0,174,1480986602
224,5gpxoe,t3_5gpxoe,CMV: I'm having a hard time recognizing the good things about America (compared to other First World countries).,R3d_Anonymous,8,13,1480987102
225,5gpze7,t3_5gpze7,"CMV: This ""fake news"" controversy is some kind of propaganda/psyop.",SpenceNaz88,5,78,1480987686
226,5gq1kc,t3_5gq1kc,CMV: Pizzagate was a legitimate inquiry into suspicious information found in the Podesta Wikileaks emails,[deleted],6,49,1480988387
227,5gqmu0,t3_5gqmu0,CMV: free trade is good,OMGBungieNerf,1,0,1480995409
228,5gqppz,t3_5gqppz,CMV:No to Paid Menstrual Leave,spaghettinumber12,17,22,1480996400
229,5gqqhs,t3_5gqqhs,"CMV: The fact that Donald Trump was endorsed by the KKK is not a valid argument against him, and people are brainwashing you when they try to use one-sided endorsements by the modern-day KKK as an argument against Trump",SkepticalSkepticist,0,32,1480996675
230,5gqs5g,t3_5gqs5g,CMV: Drug legalisation and regulation is a terrible idea,[deleted],0,55,1480997254
231,5gqwrg,t3_5gqwrg,CMV: Polygamous relationships are completely irrational and unnatural,mollykrawcyk,1,36,1480998859
232,5gqzih,t3_5gqzih,CMV: Victoria Secret fashion show is hipocritical,attempted_intellect,0,3,1480999859
233,5gr5cv,t3_5gr5cv,CMV: The next four years of Trump and a large Republican Majority are going to be awful,ImnotfamousAMA,144,231,1481002106
234,5gr6pp,t3_5gr6pp,"CMV: ""Snitching"" or being a ""tattle-tale"" on people (not institutions) is highly unethical.",thesquarerootof1,8,92,1481002638
235,5grolc,t3_5grolc,CMV: I'm gay and I don't like the LGBTQ community trying to force people to accept us.,Chanmanb1998,1,0,1481010830
236,5grtg5,t3_5grtg5,CMV: Objectification is not uniformly a bad thing,GiakLeader,0,120,1481013345
237,5gsofj,t3_5gsofj,"Pzza gte, absolute rubbish??",2ndhandboatsail,1,0,1481028898
238,5gsvm4,t3_5gsvm4,CMV: Its ok to view sex and dating as a numbers game,bigreenlizard,1,26,1481031537
239,5gt5o6,t3_5gt5o6,CMV: People shouldn't be allowed to vote just because they're over a certain age,Hastatus_107,0,150,1481035031
240,5gt78y,t3_5gt78y,"CMV:If Bud Selig can make the Hall of Fame benefiting from the steroid scandal while claiming ignorance, the steroid players should be in as well.",cutchemist42,297,26,1481035569
241,5gt9ue,t3_5gt9ue,CMV: Denying the Holocaust should not be a crime in Germany,Man_Butt,1,0,1481036416
242,5gtoav,t3_5gtoav,CMV: What is smartness? are all people equally smart?,[deleted],1,0,1481040630
243,5gts66,t3_5gts66,"CMV: The ""Participation Trophy"" Argument is Flawed.",BigBadBundy,44,77,1481041672
244,5gtxzt,t3_5gtxzt,CMV: Sea-Lioning to some extent is unavoidable when discussing anything seriously online,[deleted],3,155,1481043261
245,5gty52,t3_5gty52,CMV: human smartness is equal,anchos77,0,72,1481043305
246,5guj6e,t3_5guj6e,CMV: Interracial marriage aren't as strong as same race relationships. They also have a negative effect on the children.,[deleted],0,12,1481049110
247,5gujpb,t3_5gujpb,CMV: Vegetarianism can be entirely healthy,[deleted],0,9,1481049260
248,5guv68,t3_5guv68,Talent is the the things you've already practiced,[deleted],1,0,1481052409
249,5guvgu,t3_5guvgu,"CMV: Since the kickoff placement change to reduce head-to-head injuries, kickoffs have become throwaway plays and worse, should be abolished or changed.",TezzMuffins,8,7,1481052494
250,5gv4bc,t3_5gv4bc,CMV: I should not buy a car with BMW-style locks.,GnosticGnome,7,6,1481054905
251,5gv7yy,t3_5gv7yy,CMV: In-n-Out Burger is overrated,Bluebrandon,1,0,1481055893
252,5gva71,t3_5gva71,CMV:Society is based on a tradeoff between propping up the ego of old people and staving off responsibility for young people,GiakLeader,2,21,1481056493
253,5gva7s,t3_5gva7s,CMV: In-n-out Burger is overrated,Bluebrandon,1,1,1481056498
254,5gvc6q,t3_5gvc6q,CMV: The World Would Be Better Off in a Zombie Apocalypse,[deleted],3,10,1481057026
255,5gvufn,t3_5gvufn,"It is unreasonable, and perhaps even naive, to believe that someone else is stupid or uneducated solely because he/she holds a different opinion.",StoltzP,1,0,1481061966
256,5gvwyk,t3_5gvwyk,"CMV: It is unreasonable, and perhaps even naive, to believe that someone else is stupid or uneducated solely because he/she holds a different opinion.",StoltzP,53,110,1481062648
257,5gvxdc,t3_5gvxdc,"CMV: I don't have a problem with ""conversion therapy"" as long as it is only available to consenting adults.",[deleted],0,0,1481062757
258,5gw13e,t3_5gw13e,CMV:Felons Should be able to Possess Firearms,Estaban2,4,32,1481063788
259,5gw7md,t3_5gw7md,CMV: Corporations almost never act in the interest of the public and would pursue extremely unethical and illegal practices to increase profits if not prevented from doing so by government regulations.,EyeOfSol,1087,265,1481065643
260,5gwaee,t3_5gwaee,"CMV: Even if your situation or position on something makes your opinion irrelevant, it's not.",Bluepengie,1,0,1481066459
261,5gwgbk,t3_5gwgbk,CMV:Abortion Should Be Illegal once the Fetus Becomes Viable,Issue-Discusser,1,0,1481068254
262,5gwpqw,t3_5gwpqw,"Why wouldnt Trumps advisors(his daughter, etc) have clearance?",AnnArchist,1,0,1481071115
263,5gwy1u,t3_5gwy1u,CMV: The Death Penalty saves lives,VantageRhet,1,0,1481073725
264,5gx0s4,t3_5gx0s4,CMV: I believe radical and mainstream feminism today is a direct and equally distorted response to more recent pua and heteronormativity (normies). It is two sides of the same coin.,newpostnewuser,0,15,1481074605
265,5gx2lq,t3_5gx2lq,"CMV: If you text a girl to hangout and there is radio silence, you should just move on.",blade00014,3,24,1481075216
266,5gx53g,t3_5gx53g,CMV: Historically western medical institutions are the best option available,Vajennie,2,5,1481076015
267,5gx8m7,t3_5gx8m7,"CMV: In American politics, the electoral college should not exist.",that-other-username,27,171,1481077144
268,5gx8so,t3_5gx8so,"CMV:reddit is where important, cutting edge ideas go to die on the internet.",knowyourbrain,18,30,1481077206
269,5gx92e,t3_5gx92e,CMV: False Start and Ineligible Receiver penalties should be tracked as a stat for Offensive Linemen.,griffin54,38,4,1481077281
270,5gxakt,t3_5gxakt,[CMV] We should stream kids based on intellectual ability and interests in secondary school,[deleted],1,0,1481077770
271,5gxaqe,t3_5gxaqe,CMV: We should stream kids based on intellectual ability and interest in secondary school,l0__0I,4,12,1481077825
272,5gxh2q,t3_5gxh2q,"CMV: The public backlash regarding the verdict of the Michael Slager case is nonsense ... if you are in favour of ""a jury of your peers"".",Smudge777,2,45,1481079908
273,5gxnvi,t3_5gxnvi,"CMV: Because I don't care what consenting adults do, I don't believe conversion therapy should be banned.",security_____dog,12,17,1481082142
274,5gydyf,t3_5gydyf,CMV: African Americans have very little culture and no right to claim 'white people have no culture',[deleted],1,0,1481091734
275,5gylqg,t3_5gylqg,"CMV: Saying ""triggered"" is not offensive.",[deleted],1,0,1481095227
276,5gyn9x,t3_5gyn9x,"CMV: ""As soon as any man says of the affairs of the State,' what does it matter to me? 'the State may be given up for lost.""",[deleted],1,0,1481095978
277,5gyng9,t3_5gyng9,"CMV: ""Baby, It's Cold Outside"" is not a problematic song.",matt-the-great,85,119,1481096064
278,5gysm6,t3_5gysm6,CMV: Self awareness=God,wolffrains,1,0,1481098671
279,5gyura,t3_5gyura,"CMV: ""As soon as any man says of the affairs of the State,' what does it matter to me? 'the State may be given up for lost.""",[deleted],0,27,1481099857
280,5gz498,t3_5gz498,CMV black people are inferior and should not be allowed to mix in communities,[deleted],0,0,1481105008
281,5gzlvt,t3_5gzlvt,CMV: People who are anti-abortion have two major logic gaps that make their stance incorrect.,angryherbalist,15,94,1481113639
282,5gzsvd,t3_5gzsvd,CMV: English class becomes pointless after 6th grade.,Cerovous-64,0,183,1481116410
283,5gzt4n,t3_5gzt4n,"CMV: anyone who claims 'my uterus, my decision' must also accept 'your uterus, your problem'.",stellako,31,88,1481116510
284,5h0tep,t3_5h0tep,"CMV: We perceive the world from a human perspective, and life may not be what we think it is",theraiderofreddit,0,7,1481127907
285,5h0tql,t3_5h0tql,The Reality on Artificial Sweeteners,Vantage_T,1,0,1481127995
286,5h0y2v,t3_5h0y2v,CMV: Removing the headphone jack took courage,MOXCRunner1,4,28,1481129185
287,5h1htx,t3_5h1htx,"CMV: Employers, especially in states where marijuana is legal, should not be allowed to test potential and current employees for THC.",that_schick_cray,150,94,1481134680
288,5h1v78,t3_5h1v78,CMV: Reddit should revert the change which removed upvote/downvote counts,[deleted],38,3,1481138243
289,5h1wv7,t3_5h1wv7,CMV: Collectivist theory is inherently superior compared to individualist theory.,[deleted],2,5,1481138690
290,5h1y8q,t3_5h1y8q,CMV: The idea of thinking you are a different Gender than your does not make sense.,[deleted],1,0,1481139080
291,5h1yvp,t3_5h1yvp,CMV: The notion of changing and identifying as a different gender doesn't make sense at its core.,Berti15,342,489,1481139254
292,5h1zdq,t3_5h1zdq,CMV: Peeing in the bathroom sink is perfectly fine,sinkpisser2,1,0,1481139388
293,5h20nc,t3_5h20nc,CMV: People should have the freedom to change their sexuality if and when there is a science-based method to do so.,grizzlyone,3,44,1481139741
294,5h246z,t3_5h246z,"CMV: People who murder for pleasure are insane. Therefore, they should either all be subject to an insanity ""defence,"" or none of them should.",angrystoic,51,103,1481140717
295,5h25sx,t3_5h25sx,"CMV: Ivanka Trump should be the envy of every so-called ""feminist"" and She is a strong role model for our youth.",I_HUG_TREEZ,0,62,1481141132
296,5h2dsu,t3_5h2dsu,CMV: Racism is not a problem in the US.,Singdancetypethings,2,101,1481143283
297,5h2jj9,t3_5h2jj9,CMV: I am an Atheist lost in life. Can you convince me to become a Theist?,[deleted],1,0,1481144834
298,5h2jzs,t3_5h2jzs,"Batman in BvS was right, he was better off putting his enemies in the ground instead of Blackgate Penitentiary/Arkham Asylum rather than the hypocrite who killed Dent.",[deleted],1,0,1481144961
299,5h2k7c,t3_5h2k7c,CMV: Need Based Financial Aid is Unfair to Savers,thatmorrowguy,6,12,1481145016
300,5h2lqj,t3_5h2lqj,CMV: College professors shouldn't be able to assign loaded questions as assignments.,[deleted],1,29,1481145421
301,5h2mzp,t3_5h2mzp,"CMV: When calling someone a hypocrite, you often become one",csdspartans7,2,9,1481145787
302,5h2rwe,t3_5h2rwe,"CMV: Humanity as a whole is too shortsighted and will ultimately self-destruct within 300 years (irreversible man-made climate change, nuclear war, depleted resources, etc.).",NickFurry808,1,0,1481147097
303,5h2xv4,t3_5h2xv4,"CMV: Giving ""smaller state residents"" more voting power is no more justifiable than giving just about any other minority group more voting power",RickAndMorty101Years,876,708,1481148734
304,5h2zu1,t3_5h2zu1,CMV:People should be able to sell their organs,MisanthropeX,11,71,1481149267
305,5h32wj,t3_5h32wj,CMV: The United States is not the best country in the world,SaMcKeown,1,0,1481150153
306,5h373l,t3_5h373l,CMV: Ok if there is a underaged girl in a nightclub like 15-16 with a fake id why should a guy get in trouble if something happens,battlefieldguy145,1,0,1481151371
307,5h38nr,t3_5h38nr,"CMV: Global free trade is a practical and ethical policy, and the recent populist backlash against it in Europe and the United States is misguided.",teh_blackest_of_men,55,71,1481151818
308,5h3h72,t3_5h3h72,CMV: there is no good or evil - only strength and weakness ; society runs on Social Darwinism whether we like it or not.,[deleted],11,20,1481154339
309,5h3pc2,t3_5h3pc2,"CMV: I believe herbal supplements are generally hogwash, and that any plant matter effective enough to help disease is better in pill form.",ArmchairExperts,1,0,1481156763
310,5h3so1,t3_5h3so1,CMV: I think evolution is true and want a different perspective. It's hard to find sources on the internet not biased towards it being true.,seanthesonic,1,0,1481157785
311,5h3y8r,t3_5h3y8r,Gun Control,M1ST3R_T,1,0,1481159557
312,5h4022,t3_5h4022,CMV: Hard work does not beat talent,PoliceCalled911,4,11,1481160165
313,5h428t,t3_5h428t,CMV: All States should split their Electoral Votes in line with the Popular Vote within their State. (and adopt a national ranked voting system),bikeytime,1,0,1481160874
314,5h4edw,t3_5h4edw,CMV: Having [INSERT ETHNICITY] Friends generally indicates you are not racist against said ethnicity.,DonkeyHody1,1,0,1481164796
315,5h4fzf,t3_5h4fzf,"CMV: Opting out of standardized testing has become a regular occurrence, leaving many questioning whether or not testing for government funding is worth it.",vantage_rhetoric,2,0,1481165306
316,5h4k03,t3_5h4k03,"CMV: Without God, our society will progress to a state where almost anything goes.",durganandamo,1,0,1481166613
317,5h4lpz,t3_5h4lpz,CMV: Would-be aborted children are worse off being raised by parents who would have preferred to abort them.,tirdg,26,132,1481167192
318,5h4mbx,t3_5h4mbx,The Reality on Artificial Sweeteners,Vantage_T,1,0,1481167395
319,5h4nda,t3_5h4nda,"CMV: Without a belief in God, our society will progress to a state where almost anything is acceptable",jurudius,1,0,1481167758
320,5h4njs,t3_5h4njs,"CMV: Without a belief in God, our society will progress to a state where almost anything is acceptable",[deleted],3,39,1481167823
321,5h4op5,t3_5h4op5,CMV: It's Better When we Make it. Why Artificial Sweeteners are superior to organic alternatives.,Durks8989,1,0,1481168215
322,5h4q2q,t3_5h4q2q,"CMV: As long as drugs don't affect your work, employees should not care what you do outside of working hours.",mleclerc182,1,0,1481168686
323,5h4ri5,t3_5h4ri5,CMV: The United States should increase its military spending to respond to conflict.,nndymfl,1,0,1481169181
324,5h4t0x,t3_5h4t0x,CMV: Electric Cars,habrah,1,0,1481169692
325,5h4tgf,t3_5h4tgf,CMV: Abortion Should be Illegal Once a Fetus Becomes Viable,Issue-Discusser,1,0,1481169848
326,5h4umg,t3_5h4umg,CMV: The United States should significantly increase military spending to respond to international conflicts.,idontbuythat,0,34,1481170241
327,5h4zzu,t3_5h4zzu,"CMV: In the movie Moana, Pua should been on the canoe with Moana rather than Heihei. (Moana Spoilers)",theshantanu,14,20,1481172194
328,5h5044,t3_5h5044,CMV: Standardized tests are harmful to students when used as a means to screen for college,ZeroRomeoBravo,5,15,1481172242
329,5h53hv,t3_5h53hv,Please change my view...I am transphobic...,[deleted],1,0,1481173533
330,5h59s9,t3_5h59s9,Why Recycling is Bad,connal13,1,0,1481175978
331,5h5ag2,t3_5h5ag2,CMV: The 4-team College Football Playoff is inherently flawed and needs to be expanded to 8 (or even 16) teams,DarthRilian,4,20,1481176256
332,5h5xpp,t3_5h5xpp,"CMV: If you are not sexually attracted to someone, the relationship will never work",[deleted],1,0,1481187097
333,5h5zf8,t3_5h5zf8,"CMV: There are no fundamental needs, only wants.",[deleted],0,28,1481188021
